mois;ipc_global;ipc_alimentation;ipc_energie;smic_brut
2019-01;85.53;78.99;74.77;1521.22
2019-02;85.54;79.12;75.78;1521.22
2019-03;85.81;78.97;76.6;1521.22
2019-04;86.03;79.02;77.07;1521.22
2019-05;86.0;79.56;77.51;1521.22
2019-06;86.2;79.64;77.37;1521.22
2019-07;86.24;80.06;76.57;1521.22
2019-08;86.36;80.43;76.53;1521.22
2019-09;86.45;80.03;76.82;1521.22
2019-10;86.48;79.68;76.81;1521.22
2019-11;86.57;79.77;77.02;1521.22
2019-12;86.93;80.22;77.65;1521.22
2020-01;86.84;80.55;78.04;1539.42
2020-02;86.74;80.53;76.49;1539.42
2020-03;86.38;80.49;73.47;1539.42
2020-04;86.29;81.94;70.46;1539.42
2020-05;86.33;82.35;69.05;1539.42
2020-06;86.37;81.71;70.27;1539.42
2020-07;86.86;80.95;70.92;1539.42
2020-08;86.52;81.13;71.14;1539.42
2020-09;86.52;80.74;70.65;1539.42
2020-10;86.53;80.87;70.84;1539.42
2020-11;86.76;81.38;71.07;1539.42
2020-12;86.97;81.06;72.29;1539.42
2021-01;87.36;81.37;73.49;1554.58
2021-02;87.18;81.21;75.32;1554.58
2021-03;87.35;81.25;76.96;1554.58
2021-04;87.34;81.7;76.55;1554.58
2021-05;87.56;82.13;77.0;1554.58
2021-06;87.63;81.55;77.86;1554.58
2021-07;87.8;81.65;79.62;1554.58
2021-08;88.07;82.18;80.11;1554.58
2021-09;88.42;81.55;81.21;1554.58
2021-10;88.8;81.42;85.18;1589.47
2021-11;89.21;81.75;86.4;1589.47
2021-12;89.42;82.16;85.58;1589.47
2022-01;89.91;82.62;88.13;1603.12
2022-02;90.32;82.91;91.27;1603.12
2022-03;91.28;83.64;99.58;1603.12
2022-04;91.51;84.84;96.97;1603.12
2022-05;92.11;85.65;98.55;1645.58
2022-06;92.75;86.32;103.76;1645.58
2022-07;93.08;87.18;102.32;1645.58
2022-08;93.21;88.64;98.38;1678.95
2022-09;93.37;89.62;95.91;1678.95
2022-10;94.32;91.18;101.61;1678.95
2022-11;94.74;91.65;102.46;1678.95
2022-12;94.71;92.08;98.64;1678.95
2023-01;95.33;93.64;102.6;1709.28
2023-02;95.96;95.22;104.18;1709.28
2023-03;96.5;96.95;104.47;1709.28
2023-04;96.85;97.53;103.68;1709.28
2023-05;96.84;97.86;100.55;1747.2
2023-06;96.95;98.12;100.69;1747.2
2023-07;97.02;98.21;98.64;1747.2
2023-08;97.67;98.55;105.2;1747.2
2023-09;97.99;98.28;107.24;1747.2
2023-10;98.07;98.31;106.63;1747.2
2023-11;98.08;98.69;105.48;1747.2
2023-12;98.25;98.72;104.25;1747.2
2024-01;98.34;98.95;104.46;1766.92
2024-02;98.79;98.62;108.68;1766.92
2024-03;98.74;98.62;107.86;1766.92
2024-04;98.93;98.71;107.52;1766.92
2024-05;99.06;99.1;106.22;1766.92
2024-06;99.04;98.92;105.42;1766.92
2024-07;99.21;98.72;106.96;1766.92
2024-08;99.38;99.04;105.53;1766.92
2024-09;99.08;98.72;103.6;1766.92
2024-10;99.29;98.92;104.53;1766.92
2024-11;99.36;98.88;104.77;1801.8
2024-12;99.56;98.74;105.53;1801.8
2025-01;99.97;99.03;107.28;1801.8
2025-02;99.57;98.96;102.32;1801.8
2025-03;99.52;99.22;100.78;1801.8
2025-04;99.73;99.94;99.16;1801.8
2025-05;99.73;100.39;97.76;1801.8
2025-06;100.01;100.27;98.4;1801.8
2025-07;100.17;100.32;99.23;1801.8
2025-08;100.2;100.62;99.05;1801.8
2025-09;100.24;100.42;99.06;1801.8
2025-10;100.23;100.2;98.64;1801.8
2025-11;100.29;100.22;100.01;1801.8
2025-12;100.35;100.39;98.3;1801.8
2026-01;100.26;100.87;99.17;1823.03
2026-02;100.46;100.9;99.46;1823.03
2026-03;101.22;100.99;108.49;1823.03
2026-04;101.88;101.18;113.39;1823.03
2026-05;102.16;101.49;113.96;1823.03
2026-06;101.78;101.14;109.13;1867.02
2026-07;102.27;101.29;111.84;1867.02
