saison;Sous le panier;Raquette;Mi-distance;3 pts dans le coin;3 pts dans l'axe
2003-04;1.164;0.772;0.764;1.131;1.021
2004-05;1.171;0.796;0.785;1.149;1.047
2005-06;1.184;0.81;0.796;1.166;1.052
2006-07;1.2;0.826;0.798;1.152;1.056
2007-08;1.199;0.817;0.804;1.185;1.063
2008-09;1.192;0.825;0.803;1.182;1.082
2009-10;1.212;0.846;0.8;1.173;1.037
2010-11;1.24;0.78;0.801;1.182;1.048
2011-12;1.21;0.762;0.775;1.127;1.026
2012-13;1.209;0.769;0.785;1.169;1.053
2013-14;1.217;0.786;0.789;1.171;1.058
2014-15;1.202;0.785;0.791;1.157;1.022
2015-16;1.205;0.8;0.797;1.131;1.046
2016-17;1.222;0.835;0.805;1.162;1.054
2017-18;1.262;0.794;0.808;1.18;1.068
2018-19;1.258;0.807;0.807;1.146;1.048
2019-20;1.271;0.799;0.811;1.167;1.054
2020-21;1.282;0.854;0.831;1.179;1.08
2021-22;1.306;0.857;0.815;1.15;1.038
2022-23;1.333;0.887;0.843;1.156;1.063
2023-24;1.326;0.881;0.837;1.169;1.079
2024-25;1.327;0.887;0.834;1.164;1.06
