saison;correlation;equipe_moins_de_mi_distance
2003-04;-0.21;Memphis Grizzlies
2004-05;-0.47;Memphis Grizzlies
2005-06;-0.38;Miami Heat
2006-07;-0.48;Golden State Warriors
2007-08;-0.49;Orlando Magic
2008-09;-0.44;New York Knicks
2009-10;-0.51;Orlando Magic
2010-11;-0.41;Orlando Magic
2011-12;-0.42;Denver Nuggets
2012-13;-0.5;Houston Rockets
2013-14;-0.35;Houston Rockets
2014-15;-0.35;Houston Rockets
2015-16;-0.24;Houston Rockets
2016-17;-0.38;Houston Rockets
2017-18;-0.25;Houston Rockets
2018-19;-0.03;Houston Rockets
2019-20;-0.06;Houston Rockets
2020-21;0.03;Utah Jazz
2021-22;0.11;Houston Rockets
2022-23;-0.05;Memphis Grizzlies
2023-24;0.19;Memphis Grizzlies
2024-25;0.21;Atlanta Hawks
